<?xml version="1.0" encoding="UTF-8"?>
<!DOCTYPE hibernate-configuration PUBLIC "-//Hibernate/Hibernate Configuration DTD 3.0//EN"
                                         "http://www.hibernate.org/dtd/hibernate-configuration-3.0.dtd">
<hibernate-configuration>
 <session-factory>
  <property name="hibernate.connection.driver_class">com.mysql.cj.jdbc.Driver</property>
  <property name="hibernate.connection.password">vespertino</property>
  <property name="hibernate.connection.url">jdbc:mysql://localhost/NBA?serverTimezone=UTC</property>
  <property name="hibernate.connection.username">vespertino</property>
  <property name="hibernate.dialect">org.hibernate.dialect.MySQLDialect</property>
  <mapping class="examen.Jugador"/>
  <mapping class="examen.Equipo"/>
  <mapping class="examen.Partido"/>
 </session-factory>
</hibernate-configuration>
